{"cameraMode":{"drawMode":0,"name":"Shaded","section":"Shading Mode"},"sceneLighting":true,"audioPlay":false,"sceneViewState":{"showFog":false,"showMaterialUpdate":false,"showSkybox":false,"showFlares":false,"showImageEffects":false,"showParticleSystems":false},"in2DMode":false,"pivot":{"x":95.81871795654297,"y":40.45383071899414,"z":108.87957763671875},"rotation":{"x":-0.07838301360607147,"y":0.9130772352218628,"z":-0.21015211939811707,"w":-0.3405616283416748},"size":4.512447834014893,"orthographic":false}