{"cameraMode":{"drawMode":0,"name":"Shaded","section":"Shading Mode"},"sceneLighting":true,"audioPlay":false,"sceneViewState":{"showFog":false,"showMaterialUpdate":false,"showSkybox":false,"showFlares":false,"showImageEffects":false,"showParticleSystems":false},"in2DMode":false,"pivot":{"x":-3.774632215499878,"y":2.7103943824768068,"z":1.2751445770263672},"rotation":{"x":0.0032147234305739404,"y":0.9766526222229004,"z":0.014650912024080754,"w":-0.21430043876171113},"size":9.473376274108887,"orthographic":true}