{"cameraMode":{"drawMode":0,"name":"Shaded","section":"Shading Mode"},"sceneLighting":true,"audioPlay":false,"sceneViewState":{"showFog":false,"showMaterialUpdate":false,"showSkybox":false,"showFlares":false,"showImageEffects":false,"showParticleSystems":false},"in2DMode":false,"pivot":{"x":29.10165786743164,"y":-10.726214408874512,"z":38.26150131225586},"rotation":{"x":0.29315251111984255,"y":-0.6185829639434815,"z":0.2673930525779724,"w":0.6781723499298096},"size":65.72257232666016,"orthographic":false}