{"cameraMode":{"drawMode":0,"name":"Shaded","section":"Shading Mode"},"sceneLighting":true,"audioPlay":false,"sceneViewState":{"showFog":false,"showMaterialUpdate":false,"showSkybox":false,"showFlares":false,"showImageEffects":false,"showParticleSystems":false},"in2DMode":false,"pivot":{"x":4.590000152587891,"y":3.299999952316284,"z":11.930000305175782},"rotation":{"x":0.04496061056852341,"y":0.9479933977127075,"z":-0.15553514659404756,"w":0.27403637766838076},"size":22.989999771118165,"orthographic":false}