{"cameraMode":{"drawMode":0,"name":"Shaded","section":"Shading Mode"},"sceneLighting":true,"audioPlay":false,"sceneViewState":{"showFog":false,"showMaterialUpdate":false,"showSkybox":false,"showFlares":false,"showImageEffects":false,"showParticleSystems":false},"in2DMode":false,"pivot":{"x":73.50907897949219,"y":0.27089011669158938,"z":44.88374328613281},"rotation":{"x":0.07326640188694,"y":-0.8274423480033875,"z":0.11112450808286667,"w":0.5455480217933655},"size":10.061470985412598,"orthographic":false}