{"cameraMode":{"drawMode":0,"name":"Shaded","section":"Shading Mode"},"sceneLighting":true,"audioPlay":false,"sceneViewState":{"showFog":false,"showMaterialUpdate":false,"showSkybox":false,"showFlares":false,"showImageEffects":false,"showParticleSystems":false},"in2DMode":false,"pivot":{"x":-2.6902222633361818,"y":2.3560056686401369,"z":4.844661712646484},"rotation":{"x":0.0291531253606081,"y":0.9629195332527161,"z":-0.116108238697052,"w":0.24177487194538117},"size":8.703971862792969,"orthographic":true}