{"cameraMode":{"drawMode":0,"name":"Shaded","section":"Shading Mode"},"sceneLighting":true,"audioPlay":false,"sceneViewState":{"showFog":false,"showMaterialUpdate":false,"showSkybox":false,"showFlares":false,"showImageEffects":false,"showParticleSystems":false},"in2DMode":false,"pivot":{"x":319.9692077636719,"y":16.8975830078125,"z":-16.1357421875},"rotation":{"x":0.044361356645822528,"y":-0.03146395832300186,"z":0.0013985141413286329,"w":0.9985190033912659},"size":588.779052734375,"orthographic":false}