{"cameraMode":{"drawMode":0,"name":"Shaded","section":"Shading Mode"},"sceneLighting":false,"audioPlay":false,"sceneViewState":{"showFog":false,"showMaterialUpdate":false,"showSkybox":false,"showFlares":false,"showImageEffects":false,"showParticleSystems":false},"in2DMode":false,"pivot":{"x":-0.3930380344390869,"y":0.22107572853565217,"z":-0.5106520652770996},"rotation":{"x":-0.006801051553338766,"y":0.9931192994117737,"z":-0.08873197436332703,"w":-0.07612120360136032},"size":2.6352732181549074,"orthographic":false}