{"cameraMode":{"drawMode":0,"name":"Shaded","section":"Shading Mode"},"sceneLighting":true,"audioPlay":false,"sceneViewState":{"showFog":false,"showMaterialUpdate":false,"showSkybox":false,"showFlares":false,"showImageEffects":false,"showParticleSystems":false},"in2DMode":false,"pivot":{"x":79.87823486328125,"y":35.1888427734375,"z":5.997464179992676},"rotation":{"x":0.22707180678844453,"y":-0.41315969824790957,"z":0.10717549920082092,"w":0.8753575682640076},"size":4.512447834014893,"orthographic":false}