{"cameraMode":{"drawMode":0,"name":"Shaded","section":"Shading Mode"},"sceneLighting":true,"audioPlay":false,"sceneViewState":{"showFog":false,"showMaterialUpdate":false,"showSkybox":false,"showFlares":false,"showImageEffects":false,"showParticleSystems":false},"in2DMode":false,"pivot":{"x":10.122496604919434,"y":3.045952081680298,"z":21.408023834228517},"rotation":{"x":-0.190322607755661,"y":0.44921422004699709,"z":-0.0985725075006485,"w":-0.8673334717750549},"size":2.8578836917877199,"orthographic":false}