{"cameraMode":{"drawMode":0,"name":"Shaded","section":"Shading Mode"},"sceneLighting":true,"audioPlay":false,"sceneViewState":{"showFog":false,"showMaterialUpdate":false,"showSkybox":false,"showFlares":false,"showImageEffects":false,"showParticleSystems":false},"in2DMode":false,"pivot":{"x":-0.2511051893234253,"y":2.16086483001709,"z":4.221647262573242},"rotation":{"x":0.010020449757575989,"y":-0.9825570583343506,"z":0.055573903024196628,"w":0.17718006670475007},"size":13.048348426818848,"orthographic":true}