{"cameraMode":{"drawMode":0,"name":"Shaded","section":"Shading Mode"},"sceneLighting":false,"audioPlay":false,"sceneViewState":{"showFog":false,"showMaterialUpdate":false,"showSkybox":false,"showFlares":false,"showImageEffects":false,"showParticleSystems":false},"in2DMode":false,"pivot":{"x":-14.37717342376709,"y":3.7437212467193605,"z":11.588813781738282},"rotation":{"x":0.03534148633480072,"y":0.9107041358947754,"z":-0.0797162801027298,"w":0.4037504494190216},"size":16.606124877929689,"orthographic":false}