{"cameraMode":{"drawMode":0,"name":"Shaded","section":"Shading Mode"},"sceneLighting":true,"audioPlay":false,"sceneViewState":{"showFog":false,"showMaterialUpdate":false,"showSkybox":false,"showFlares":false,"showImageEffects":false,"showParticleSystems":false},"in2DMode":false,"pivot":{"x":30.295656204223634,"y":22.270030975341798,"z":27.035240173339845},"rotation":{"x":-0.1443975269794464,"y":-0.8529897332191467,"z":0.3889329731464386,"w":-0.3166844844818115},"size":11.530486106872559,"orthographic":false}