{"cameraMode":{"drawMode":0,"name":"Shaded","section":"Shading Mode"},"sceneLighting":true,"audioPlay":false,"sceneViewState":{"showFog":false,"showMaterialUpdate":false,"showSkybox":false,"showFlares":false,"showImageEffects":false,"showParticleSystems":false},"in2DMode":false,"pivot":{"x":148.8236083984375,"y":-268.08795166015627,"z":-53.92652893066406},"rotation":{"x":0.044361356645822528,"y":-0.03146395832300186,"z":0.0013985141413286329,"w":0.9985190033912659},"size":655.2920532226563,"orthographic":false}