{"cameraMode":{"drawMode":0,"name":"Shaded","section":"Shading Mode"},"sceneLighting":true,"audioPlay":false,"sceneViewState":{"showFog":false,"showMaterialUpdate":false,"showSkybox":false,"showFlares":false,"showImageEffects":false,"showParticleSystems":false},"in2DMode":false,"pivot":{"x":21.591745376586915,"y":-5.434490203857422,"z":69.13998413085938},"rotation":{"x":-0.2314789742231369,"y":0.7680516242980957,"z":-0.4066198766231537,"w":-0.43723514676094057},"size":15.886205673217774,"orthographic":false}