{"cameraMode":{"drawMode":0,"name":"Shaded","section":"Shading Mode"},"sceneLighting":true,"audioPlay":false,"sceneViewState":{"showFog":false,"showMaterialUpdate":false,"showSkybox":false,"showFlares":false,"showImageEffects":false,"showParticleSystems":false},"in2DMode":false,"pivot":{"x":5.343801975250244,"y":8.781339645385743,"z":25.73172950744629},"rotation":{"x":-0.20019899308681489,"y":0.6891393661499023,"z":-0.2075331062078476,"w":-0.664783775806427},"size":16.835147857666017,"orthographic":false}