{"cameraMode":{"drawMode":0,"name":"Shaded","section":"Shading Mode"},"sceneLighting":false,"audioPlay":false,"sceneViewState":{"showFog":false,"showMaterialUpdate":false,"showSkybox":false,"showFlares":false,"showImageEffects":false,"showParticleSystems":false},"in2DMode":false,"pivot":{"x":-1.862645149230957e-9,"y":0.011538758873939515,"z":0.0016601779498159886},"rotation":{"x":-0.0008100576233118773,"y":0.9975307583808899,"z":-0.06924987584352493,"w":-0.011671077460050583},"size":1.288118600845337,"orthographic":false}